title,ticker,release_date,release_year,release_month,release_quarter,budget,revenue,ROI,budget_tier,primary_genre,vote_average,vote_count,popularity,nearest_trading_day,car_total,car_pre_release,car_post_release,car_day_of_release
Cinderella,DIS,2015-03-06,2015,3,1,95000000,543514353,472.1203715789474,Mid ($50M-$150M),Romance,6.824,7396,13.1556,2015-03-06,4.6419,0.9257,3.7162,0.2653
Tomorrowland,DIS,2015-05-19,2015,5,2,190000000,209200000,10.105263157894736,High ($150M-$250M),Adventure,6.294,7364,7.0486,2015-05-19,0.7535,0.4509,0.3025,0.2728
The Good Dinosaur,DIS,2015-11-14,2015,11,4,175000000,332207671,89.83295485714285,High ($150M-$250M),Adventure,6.7,6006,8.8471,2015-11-16,3.7911,2.9697,0.8213,-0.5499
The Finest Hours,DIS,2016-01-27,2016,1,1,80000000,52099090,-34.8761375,Mid ($50M-$150M),Action,6.598,1745,3.1017,2016-01-27,-0.3228,1.2785,-1.6013,-0.9392
The Jungle Book,DIS,2016-04-07,2016,4,2,175000000,966550600,452.31462857142856,High ($150M-$250M),Adventure,6.872,8498,7.3616,2016-04-07,-1.1617,-1.5832,0.4215,-0.1565
The BFG,DIS,2016-06-01,2016,6,2,140000000,195243411,39.45957928571429,Mid ($50M-$150M),Adventure,6.292,3629,6.9702,2016-06-01,-4.571,-2.3244,-2.2467,-0.819
Alice Through the Looking Glass,DIS,2016-05-25,2016,5,2,170000000,299457024,76.1511905882353,High ($150M-$250M),Adventure,6.565,6784,7.3812,2016-05-25,-4.0118,-1.8244,-2.1874,-0.3457
Beauty and the Beast,DIS,2017-03-16,2017,3,1,160000000,1266115964,691.3224775,High ($150M-$250M),Family,6.968,16007,12.6035,2017-03-16,1.9778,-0.0132,1.991,0.0197
Pirates of the Caribbean: Dead Men Tell No Tales,DIS,2017-05-23,2017,5,2,230000000,795922298,246.05317304347824,High ($150M-$250M),Adventure,6.659,12822,15.1577,2017-05-23,-1.4806,-1.0376,-0.443,-0.7505
A Wrinkle in Time,DIS,2018-03-08,2018,3,1,103000000,132675864,28.81151844660194,Mid ($50M-$150M),Adventure,5.059,1862,1.739,2018-03-08,-1.1476,-0.055,-1.0926,-0.0216
Christopher Robin,DIS,2018-08-01,2018,8,3,75000000,197744825,163.65976666666666,Mid ($50M-$150M),Adventure,7.3,2908,2.6176,2018-08-01,1.6701,2.7161,-1.046,-0.4155
The Nutcracker and the Four Realms,DIS,2018-10-26,2018,10,4,120000000,173961069,44.9675575,Mid ($50M-$150M),Family,6.085,2245,3.6583,2018-10-26,0.914,0.6873,0.2267,0.8831
Mary Poppins Returns,DIS,2018-12-13,2018,12,4,130000000,348807090,168.31314615384616,Mid ($50M-$150M),Fantasy,6.5,3465,3.5824,2018-12-13,4.4127,2.005,2.4077,1.0716
Dumbo,DIS,2019-03-27,2019,3,1,170000000,353284621,107.81448294117648,High ($150M-$250M),Family,6.589,4526,3.7439,2019-03-27,0.8409,0.6319,0.209,0.5915
Aladdin,DIS,2019-05-22,2019,5,2,183000000,1054304000,476.1224043715847,High ($150M-$250M),Adventure,7.085,10617,12.6574,2019-05-22,0.8597,-0.3862,1.2459,0.1035
The Lion King,DIS,2019-07-12,2019,7,3,260000000,1662020819,539.2387765384616,Mega (>$250M),Adventure,7.097,10747,11.9172,2019-07-12,-0.9233,0.8985,-1.8218,0.4575
Maleficent: Mistress of Evil,DIS,2019-10-16,2019,10,4,185000000,491730089,165.80004810810811,High ($150M-$250M),Family,7.296,6500,9.9895,2019-10-16,-1.7133,-2.4997,0.7865,1.0477
Lady and the Tramp,DIS,2019-11-12,2019,11,4,60000000,51000000,-15.0,Mid ($50M-$150M),Family,7.2,1640,2.6869,2019-11-12,10.0403,2.6363,7.404,1.1891
Onward,DIS,2020-02-29,2020,2,1,200000000,141888276,-29.055862,High ($150M-$250M),Adventure,7.64,6575,5.4568,2020-03-02,-8.9669,-4.3259,-4.641,-2.6235
Mulan,DIS,2020-09-04,2020,9,3,200000000,69965374,-65.017313,High ($150M-$250M),Adventure,6.829,7046,8.0305,2020-09-04,1.007,0.4793,0.5278,-0.1249
Cruella,DIS,2021-05-26,2021,5,2,200000000,233503234,16.751617,High ($150M-$250M),Comedy,7.971,10071,15.3805,2021-05-26,2.2568,2.3136,-0.0568,-0.0174
Jungle Cruise,DIS,2021-07-28,2021,7,3,200000000,220889446,10.444723,High ($150M-$250M),Fantasy,7.292,6176,7.2098,2021-07-28,-4.1896,-0.2451,-3.9445,-0.2042
Chip 'n Dale: Rescue Rangers,DIS,2022-05-20,2022,5,2,70000000,623190,-99.10972857142856,Mid ($50M-$150M),Animation,6.989,1373,3.3683,2022-05-20,-0.7199,-0.3118,-0.4082,-0.7127
The Little Mermaid,DIS,2023-05-18,2023,5,2,297000000,569626289,91.7933632996633,Mega (>$250M),Adventure,6.3,3321,13.784,2023-05-18,-13.5908,-8.7076,-4.8832,0.1227
Haunted Mansion,DIS,2023-07-26,2023,7,3,157800000,117449790,-25.570475285171103,High ($150M-$250M),Comedy,6.432,1237,8.759,2023-07-26,1.4347,-0.623,2.0577,0.2841
Young Woman and the Sea,DIS,2024-05-31,2024,5,2,40000000,581725,-98.5456875,Low (<$50M),History,7.86,430,2.4753,2024-05-31,-2.1202,0.1075,-2.2278,1.3703
Mufasa: The Lion King,DIS,2024-12-18,2024,12,4,200000000,722631756,261.315878,High ($150M-$250M),Adventure,7.31,2667,15.7826,2024-12-18,-1.5511,-1.3106,-0.2405,1.4717
Inside Out,DIS,2015-06-17,2015,6,2,175000000,857611174,390.063528,High ($150M-$250M),Animation,7.909,23478,21.9688,2015-06-17,3.3813,1.5442,1.8371,0.1892
Finding Dory,DIS,2016-06-16,2016,6,2,200000000,1029266989,414.6334945,High ($150M-$250M),Adventure,7.041,12657,7.9186,2016-06-16,1.2609,2.5046,-1.2437,-0.2014
Cars 3,DIS,2017-06-15,2017,6,2,175000000,383925276,119.385872,High ($150M-$250M),Animation,6.86,6390,11.9233,2017-06-15,-1.6356,0.0401,-1.6757,0.0732
Coco,DIS,2017-10-27,2017,10,4,175000000,814641172,365.5092411428572,High ($150M-$250M),Family,8.198,20996,22.1496,2017-10-27,-1.362,-0.3842,-0.9778,-1.061
Incredibles 2,DIS,2018-06-14,2018,6,2,200000000,1243225667,521.6128335,High ($150M-$250M),Action,7.453,13690,10.0954,2018-06-14,4.7304,4.1378,0.5925,2.048
Toy Story 4,DIS,2019-06-19,2019,6,2,175000000,1073841394,513.6236537142858,High ($150M-$250M),Family,7.463,10548,24.6078,2019-06-19,3.0077,2.0289,0.9788,0.908
Soul,DIS,2020-12-25,2020,12,4,150000000,121977511,-18.68165933333333,Mid ($50M-$150M),Animation,8.093,11429,13.0277,2020-12-28,2.7544,0.6498,2.1046,2.0806
Luca,DIS,2021-06-17,2021,6,2,200000000,51074773,-74.4626135,High ($150M-$250M),Animation,7.781,8955,13.1957,2021-06-17,-0.0205,-0.875,0.8545,0.0378
Lightyear,DIS,2022-06-15,2022,6,2,200000000,226425420,13.21271,High ($150M-$250M),Animation,6.87,3808,7.111,2022-06-15,-4.1757,-2.6012,-1.5745,0.3026
Elemental,DIS,2023-06-14,2023,6,2,200000000,496444308,148.22215400000002,High ($150M-$250M),Animation,7.579,5304,13.6449,2023-06-14,-6.282,-0.1463,-6.1356,-1.5737
Inside Out 2,DIS,2024-06-11,2024,6,2,200000000,1698863816,749.431908,High ($150M-$250M),Animation,7.546,6702,29.8102,2024-06-11,-4.9837,-1.4656,-3.5181,-2.0912
The SpongeBob Movie: Sponge Out of Water,DIS,2015-01-28,2015,1,1,74000000,325186032,339.4405837837838,Mid ($50M-$150M),Adventure,6.1,2530,6.6576,2015-01-28,6.0425,-1.171,7.2135,-0.0339
Project Almanac,DIS,2015-01-28,2015,1,1,12000000,33200000,176.66666666666666,Low (<$50M),Science Fiction,6.8,2858,3.6195,2015-01-28,6.0425,-1.171,7.2135,-0.0339
Hot Tub Time Machine 2,DIS,2015-02-20,2015,2,1,36000000,64800000,80.0,Low (<$50M),Comedy,5.184,1011,2.2919,2015-02-20,0.4424,0.5854,-0.143,0.0226
Drunk Wedding,DIS,2015-05-22,2015,5,2,600000,3301,-99.44983333333332,Low (<$50M),Comedy,4.5,30,0.2572,2015-05-22,1.372,-0.039,1.411,0.1056
Terminator Genisys,DIS,2015-06-23,2015,6,2,155000000,440603537,184.2603464516129,High ($150M-$250M),Science Fiction,5.957,8980,11.3611,2015-06-23,4.5705,1.1793,3.3912,0.7115
Paranormal Activity: The Ghost Dimension,DIS,2015-10-21,2015,10,4,10000000,78903124,689.03124,Low (<$50M),Horror,5.308,1471,2.1016,2015-10-21,2.8169,1.6792,1.1377,0.8102
Mission: Impossible - Rogue Nation,DIS,2015-07-28,2015,7,3,150000000,682716636,355.144424,Mid ($50M-$150M),Action,7.2,9720,9.5544,2015-07-28,3.3993,1.7647,1.6345,-1.061
Scouts Guide to the Zombie Apocalypse,DIS,2015-10-23,2015,10,4,15000000,14900000,-0.6666666666666667,Low (<$50M),Comedy,6.569,2127,8.6138,2015-10-23,2.6025,3.4745,-0.872,-1.2443
The Big Short,DIS,2015-12-11,2015,12,4,28000000,133346506,376.2375214285714,Low (<$50M),Comedy,7.367,9856,8.9467,2015-12-11,-0.8758,-0.4984,-0.3774,-0.5135
Daddy's Home,DIS,2015-12-25,2015,12,4,50000000,242786137,385.572274,Low (<$50M),Comedy,6.298,3442,5.8715,2015-12-28,-9.1141,-6.5213,-2.5927,1.5309
13 Hours: The Secret Soldiers of Benghazi,DIS,2016-01-14,2016,1,1,50000000,69411370,38.82274,Low (<$50M),War,7.276,3951,7.2139,2016-01-14,0.9126,3.2558,-2.3432,-1.0299
Zoolander 2,DIS,2016-02-06,2016,2,1,50000000,56722693,13.445386,Low (<$50M),Action,4.929,2383,4.0854,2016-02-08,-0.6527,1.153,-1.8057,-0.4803
Whiskey Tango Foxtrot,DIS,2016-03-04,2016,3,1,35000000,48000000,37.142857142857146,Low (<$50M),Comedy,6.309,1047,1.648,2016-03-04,-1.1677,1.1583,-2.3261,-0.6746
Teenage Mutant Ninja Turtles: Out of the Shadows,DIS,2016-05-30,2016,5,2,135000000,245623848,81.94359111111112,Mid ($50M-$150M),Action,6.057,3802,6.131,2016-05-31,-4.3176,-1.7507,-2.5669,-0.9664
Star Trek Beyond,DIS,2016-07-07,2016,7,3,185000000,343471816,85.66044108108109,High ($150M-$250M),Action,6.8,7103,6.064,2016-07-07,-1.3768,-0.6246,-0.7521,0.7727
Ben-Hur,DIS,2016-08-17,2016,8,3,100000000,94061311,-5.938689,Mid ($50M-$150M),Action,5.776,1785,4.0708,2016-08-17,-0.5846,0.3909,-0.9755,-0.1972
Jack Reacher: Never Go Back,DIS,2016-10-19,2016,10,4,60000000,162100000,170.16666666666666,Mid ($50M-$150M),Action,6.015,5343,11.0499,2016-10-19,1.6467,-0.8872,2.5339,0.6144
Allied,DIS,2016-11-23,2016,11,4,106000000,119520023,12.754738679245284,Mid ($50M-$150M),Action,6.8,4802,4.349,2016-11-23,0.7911,-1.0039,1.795,0.4821
Fences,DIS,2016-12-16,2016,12,4,24000000,64400000,168.33333333333334,Low (<$50M),Drama,6.891,2811,4.0277,2016-12-16,0.9321,0.2755,0.6566,-0.2848
xXx: Return of Xander Cage,DIS,2017-01-13,2017,1,1,85000000,346118277,307.19797294117643,Mid ($50M-$150M),Action,6.132,9230,21.0481,2017-01-13,-0.0396,0.1071,-0.1467,0.3079
Rings,DIS,2017-02-01,2017,2,1,25000000,83080890,232.32356,Low (<$50M),Horror,5.021,2617,4.4521,2017-02-01,0.3937,2.5823,-2.1886,0.5576
Ghost in the Shell,DIS,2017-03-29,2017,3,1,110000000,169801921,54.36538272727272,Mid ($50M-$150M),Science Fiction,6.108,8575,6.6236,2017-03-29,0.7335,0.5374,0.1961,-0.5685
Baywatch,DIS,2017-05-25,2017,5,2,69000000,177900000,157.82608695652175,Mid ($50M-$150M),Comedy,6.083,8504,8.8614,2017-05-25,-2.5963,-0.6784,-1.9179,-0.8527
Transformers: The Last Knight,DIS,2017-06-16,2017,6,2,217000000,605425157,178.99776820276497,High ($150M-$250M),Action,6.058,6721,8.7733,2017-06-16,-0.1201,1.6506,-1.7707,-0.4718
Tulip Fever,DIS,2017-07-13,2017,7,3,25000000,9204549,-63.181804,Low (<$50M),Drama,6.513,739,2.0112,2017-07-13,0.7122,-0.8855,1.5977,-0.2737
Downsizing,DIS,2017-12-22,2017,12,4,68000000,55003890,-19.11192647058824,Mid ($50M-$150M),Drama,5.406,4108,3.8204,2017-12-22,-0.4365,-2.112,1.6755,-0.7756
mother!,DIS,2017-09-13,2017,9,3,30000000,44516999,48.38999666666667,Low (<$50M),Horror,6.961,7107,6.0626,2017-09-13,-4.2999,-5.1844,0.8845,0.8743
Daddy's Home 2,DIS,2017-11-09,2017,11,4,69000000,180613180,161.75823188405798,Mid ($50M-$150M),Comedy,6.3,2738,3.0941,2017-11-09,4.3344,1.5951,2.7393,1.8587
Annihilation,DIS,2018-02-22,2018,2,1,40000000,43070915,7.6772875,Low (<$50M),Science Fiction,6.441,9372,8.1765,2018-02-22,-1.9322,-0.5455,-1.3866,0.0835
A Quiet Place,DIS,2018-04-03,2018,4,2,17000000,340955294,847.6065358441559,Low (<$50M),Horror,7.392,15364,11.6391,2018-04-03,0.1938,0.3506,-0.1568,-0.4912
Sherlock Gnomes,DIS,2018-03-15,2018,3,1,59000000,90497778,53.38606440677967,Mid ($50M-$150M),Animation,5.8,773,2.039,2018-03-15,0.1378,-0.5355,0.6734,-0.557
Action Point,DIS,2018-06-01,2018,6,2,19000000,5059608,-73.37048421052631,Low (<$50M),Comedy,5.4,361,0.7237,2018-06-01,-0.5632,-2.3323,1.769,-1.1955
Mission: Impossible - Fallout,DIS,2018-07-25,2018,7,3,178000000,824171374,363.0176258426966,High ($150M-$250M),Action,7.451,9144,9.1375,2018-07-25,2.2867,-0.0139,2.3006,-0.4765
Overlord,DIS,2018-11-01,2018,11,4,38000000,41657844,9.625905263157897,Low (<$50M),Horror,6.733,3130,4.3769,2018-11-01,-1.687,0.7595,-2.4464,0.0502
Instant Family,DIS,2018-11-13,2018,11,4,48000000,121000000,152.08333333333331,Low (<$50M),Comedy,7.497,3238,4.74,2018-11-13,0.4319,1.5022,-1.0703,0.2767
Bumblebee,DIS,2018-11-22,2018,11,4,135000000,467989645,246.6589962962963,Mid ($50M-$150M),Action,6.72,6632,8.2427,2018-11-23,-3.5337,-1.6022,-1.9314,-0.185
Wonder Park,DIS,2019-03-13,2019,3,1,100000000,119559110,19.55911,Mid ($50M-$150M),Comedy,6.565,753,3.2529,2019-03-13,-4.7707,0.5635,-5.3342,-1.2528
Pet Sematary,DIS,2019-04-04,2019,4,2,21000000,113118226,438.658219047619,Low (<$50M),Horror,5.747,3429,3.3322,2019-04-04,2.6922,-0.3825,3.0747,1.7734
Rocketman,DIS,2019-05-17,2019,5,2,40000000,167300000,318.25,Low (<$50M),Music,7.312,5003,3.7094,2019-05-17,0.9599,1.2247,-0.2648,0.2443
Crawl,DIS,2019-07-10,2019,7,3,13500000,91542097,578.0896074074075,Low (<$50M),Horror,6.325,3384,5.2476,2019-07-10,0.6103,0.0782,0.5321,0.9118
Dora and the Lost City of Gold,DIS,2019-08-08,2019,8,3,49000000,120600000,146.12244897959184,Low (<$50M),Family,6.633,1822,4.4292,2019-08-08,-2.2442,-2.4484,0.2042,0.3706
Gemini Man,DIS,2019-10-02,2019,10,4,140000000,173469516,23.90679714285714,Mid ($50M-$150M),Science Fiction,6.264,5465,4.5123,2019-10-02,-0.4181,-0.9509,0.5328,1.4738
Terminator: Dark Fate,DIS,2019-10-23,2019,10,4,185000000,261119292,41.145563243243245,High ($150M-$250M),Science Fiction,6.422,5677,8.3692,2019-10-23,-1.7796,2.0304,-3.81,-1.2439
Playing with Fire,DIS,2019-11-08,2019,11,4,29900000,69412425,132.14857859531773,Low (<$50M),Family,6.581,757,2.1358,2019-11-08,8.4467,0.7896,7.6572,3.5045
Blue Story,DIS,2019-11-22,2019,11,4,1600000,5750000,259.375,Low (<$50M),Crime,7.288,241,3.0139,2019-11-22,1.8238,-0.3554,2.1792,0.7287
Like a Boss,DIS,2020-01-09,2020,1,1,29000000,26900000,-7.241379310344828,Low (<$50M),Comedy,6.212,669,1.4992,2020-01-09,-2.2585,-0.1257,-2.1329,-1.0575
Sonic the Hedgehog,DIS,2020-02-12,2020,2,1,85000000,319715683,276.1360976470588,Mid ($50M-$150M),Action,7.284,10403,11.9488,2020-02-12,-5.2681,-4.3719,-0.8963,-0.0506
The Rhythm Section,DIS,2020-01-31,2020,1,1,50000000,5989583,-88.02083400000001,Low (<$50M),Action,5.51,663,1.6082,2020-01-31,-0.7719,-1.7954,1.0235,2.1334
A Quiet Place Part II,DIS,2021-05-21,2021,5,2,55000000,297372261,440.6768381818182,Mid ($50M-$150M),Science Fiction,7.434,7404,9.1655,2021-05-21,-1.9668,-5.0761,3.1093,0.6853
The SpongeBob Movie: Sponge on the Run,DIS,2020-08-14,2020,8,3,60000000,4810790,-91.98201666666668,Mid ($50M-$150M),Adventure,7.4,2983,6.1137,2020-08-14,-4.0242,-0.6068,-3.4174,-0.3112
Snake Eyes: G.I. Joe Origins,DIS,2021-07-22,2021,7,3,88000000,36964325,-57.995085227272725,Mid ($50M-$150M),Action,6.45,1722,4.2927,2021-07-22,-3.718,-3.1742,-0.5437,-1.1966
PAW Patrol: The Movie,DIS,2021-08-09,2021,8,3,26000000,144327371,455.105273076923,Low (<$50M),Action,7.33,1271,5.0303,2021-08-09,-0.1269,-0.2724,0.1456,-0.1375
Clifford the Big Red Dog,DIS,2021-11-10,2021,11,4,64000000,116586376,82.1662125,Mid ($50M-$150M),Family,7.158,1826,3.6387,2021-11-10,-8.563,1.9411,-10.5041,0.4457
Scream,DIS,2022-01-12,2022,1,1,24000000,138874789,478.64495416666665,Low (<$50M),Horror,6.688,3884,12.5063,2022-01-12,1.3688,3.0611,-1.6923,-0.3388
Jackass Forever,DIS,2022-02-01,2022,2,1,10000000,80563999,705.63999,Low (<$50M),Action,6.8,916,2.2547,2022-02-01,1.1453,1.6224,-0.4771,0.3769
Sonic the Hedgehog 2,DIS,2022-03-30,2022,3,1,110000000,405421518,268.56501636363635,Mid ($50M-$150M),Action,7.428,5875,10.5805,2022-03-30,-4.7617,-0.9917,-3.77,-0.368
Top Gun: Maverick,DIS,2022-05-21,2022,5,2,170000000,1488732821,775.7251888235294,High ($150M-$250M),Action,8.158,11015,29.8273,2022-05-23,0.4238,-1.5327,1.9565,1.4739
Smile,DIS,2022-09-23,2022,9,3,17000000,217408513,847.6065358441559,Low (<$50M),Horror,6.673,4065,14.8548,2022-09-23,-7.4122,-4.2697,-3.1424,-0.8805
Babylon,DIS,2022-12-22,2022,12,4,78000000,65267446,-16.32378717948718,Mid ($50M-$150M),Drama,7.351,3782,12.0348,2022-12-22,-3.8141,-4.8672,1.0532,1.1575
Scream VI,DIS,2023-03-08,2023,3,1,33000000,169063850,412.314696969697,Low (<$50M),Horror,6.945,3201,19.2152,2023-03-08,-4.6988,-0.9449,-3.7539,0.1008
Dungeons & Dragons: Honor Among Thieves,DIS,2023-03-23,2023,3,1,151000000,208200000,37.88079470198675,High ($150M-$250M),Adventure,7.349,4651,20.3293,2023-03-23,1.303,0.7822,0.5208,0.6815
Transformers: Rise of the Beasts,DIS,2023-06-06,2023,6,2,195000000,441381193,126.34932974358976,High ($150M-$250M),Science Fiction,7.2,5279,18.873,2023-06-06,2.3212,1.4282,0.893,1.0393
Mission: Impossible - Dead Reckoning Part One,DIS,2023-07-08,2023,7,3,220000000,571125435,159.60247045454545,High ($150M-$250M),Action,7.504,5136,18.9867,2023-07-10,-6.6203,-0.3975,-6.2228,-0.8497
Teenage Mutant Ninja Turtles: Mutant Mayhem,DIS,2023-07-31,2023,7,3,75000000,180513586,140.68478133333332,Mid ($50M-$150M),Animation,7.2,1596,6.8119,2023-07-31,0.0929,-2.2117,2.3046,3.0576
PAW Patrol: The Mighty Movie,DIS,2023-09-21,2023,9,3,30000000,202231360,574.1045333333333,Low (<$50M),Adventure,6.931,561,7.8136,2023-09-21,-0.1994,0.435,-0.6345,1.846
Mean Girls,DIS,2024-01-10,2024,1,1,36000000,104970953,191.58598055555555,Low (<$50M),Comedy,5.88,724,5.5857,2024-01-10,0.9694,-1.4178,2.3872,-0.9904
Bob Marley: One Love,DIS,2024-02-14,2024,2,1,70000000,180828556,158.32650857142858,Mid ($50M-$150M),Music,6.583,979,2.2166,2024-02-14,6.0697,11.3106,-5.2409,0.0379
IF,DIS,2024-05-08,2024,5,2,110000000,190309707,73.00882454545454,Mid ($50M-$150M),Comedy,6.964,1611,9.1069,2024-05-08,-12.5204,-7.7304,-4.79,0.048
A Quiet Place: Day One,DIS,2024-06-26,2024,6,2,67000000,261907653,290.9069447761194,Mid ($50M-$150M),Horror,6.6,3359,14.7964,2024-06-26,-4.021,0.7395,-4.7605,-0.1768
Smile 2,DIS,2024-10-16,2024,10,4,28000000,138128854,393.3173357142857,Low (<$50M),Horror,6.593,2170,17.2178,2024-10-16,3.2003,0.7358,2.4645,2.2173
Gladiator II,DIS,2024-11-13,2024,11,4,310000000,462180717,49.09055387096774,Mega (>$250M),Action,6.61,4458,14.9709,2024-11-13,14.8306,1.0013,13.8293,1.6898
Sonic the Hedgehog 3,DIS,2024-12-19,2024,12,4,122000000,492162604,303.4119704918033,Mid ($50M-$150M),Action,7.617,3297,25.6532,2024-12-19,-0.4128,1.0823,-1.4951,0.1045
Zootopia,DIS,2016-02-11,2016,2,1,150000000,1025521689,583.6811260000001,Mid ($50M-$150M),Animation,7.762,18135,23.8681,2016-02-11,-0.3136,-3.5395,3.226,2.8733
Moana,DIS,2016-10-13,2016,10,4,150000000,690860472,360.573648,Mid ($50M-$150M),Adventure,7.566,13738,3.1511,2016-10-13,0.3984,-0.1797,0.5781,-0.0073
Ralph Breaks the Internet,DIS,2018-11-20,2018,11,4,175000000,529323962,202.47083542857143,High ($150M-$250M),Action,7.2,8106,7.4524,2018-11-20,-1.1492,0.1903,-1.3395,-1.2606
Frozen II,DIS,2019-11-20,2019,11,4,150000000,1453683476,847.6065358441559,Mid ($50M-$150M),Family,7.2,10291,16.6036,2019-11-20,7.2334,6.2149,1.0185,-0.6016
Raya and the Last Dragon,DIS,2021-03-03,2021,3,1,100000000,130423032,30.423032,Mid ($50M-$150M),Animation,7.8,7299,8.9643,2021-03-03,-1.1994,-1.2833,0.0839,0.4404
Encanto,DIS,2021-10-13,2021,10,4,150000000,261292688,74.19512533333334,Mid ($50M-$150M),Animation,7.569,10213,12.7573,2021-10-13,-6.5857,-0.9439,-5.6418,-0.4004
Strange World,DIS,2022-11-23,2022,11,4,180000000,73621640,-59.099088888888886,High ($150M-$250M),Animation,6.231,1423,4.0277,2022-11-23,1.3994,0.6694,0.7301,2.1837
Wish,DIS,2023-11-13,2023,11,4,175000000,254997360,45.71277714285714,High ($150M-$250M),Animation,6.224,1780,7.7281,2023-11-13,7.1343,2.6446,4.4897,1.4091
Moana 2,DIS,2024-11-21,2024,11,4,150000000,1059242164,606.1614426666667,Mid ($50M-$150M),Adventure,7.004,3088,26.64,2024-11-21,12.9972,12.1395,0.8577,-0.1315
Strange Magic,DIS,2015-01-23,2015,1,1,100000000,13603453,-86.396547,Mid ($50M-$150M),Music,7.224,565,3.8128,2015-01-23,-2.7178,-1.589,-1.1288,0.0972
Star Wars: The Force Awakens,DIS,2015-12-15,2015,12,4,245000000,2068223624,744.1729077551021,High ($150M-$250M),Adventure,7.2,20559,11.5647,2015-12-15,-3.8314,-0.6627,-3.1687,1.5079
Rogue One: A Star Wars Story,DIS,2016-12-14,2016,12,4,200000000,1056057273,428.0286365,High ($150M-$250M),Action,7.508,16423,11.0454,2016-12-14,3.1928,1.2658,1.9269,1.0043
Star Wars: The Last Jedi,DIS,2017-12-13,2017,12,4,300000000,1334407706,344.8025686666667,Mega (>$250M),Adventure,6.8,16351,20.0694,2017-12-13,1.304,-0.2645,1.5685,0.2148
Solo: A Star Wars Story,DIS,2018-05-15,2018,5,2,250000000,392952373,57.1809492,High ($150M-$250M),Science Fiction,6.559,9271,6.4504,2018-05-15,-0.3369,-2.1426,1.8056,1.1528
Star Wars: The Rise of Skywalker,DIS,2019-12-18,2019,12,4,489900000,1074144248,119.2578583384364,Mega (>$250M),Adventure,6.268,10853,12.7845,2019-12-18,-3.0219,-0.18,-2.8419,-0.9518
Indiana Jones and the Dial of Destiny,DIS,2023-06-25,2023,6,2,294700000,383963057,30.28946623685104,Mega (>$250M),Adventure,6.513,4161,17.2576,2023-06-26,-3.3006,-3.549,0.2484,1.1297
Avengers: Age of Ultron,DIS,2015-04-22,2015,4,2,235000000,1405403694,498.04412510638304,High ($150M-$250M),Action,7.273,24455,19.6162,2015-04-22,2.4048,0.8964,1.5084,-0.2673
Ant-Man,DIS,2015-07-14,2015,7,3,130000000,519311965,299.4707423076923,Mid ($50M-$150M),Science Fiction,7.066,20874,11.016,2015-07-14,0.6668,0.5347,0.132,-0.6148
Captain America: Civil War,DIS,2016-04-27,2016,4,2,250000000,1155046416,362.0185664,High ($150M-$250M),Adventure,7.4,24057,17.8776,2016-04-27,3.4029,2.6102,0.7927,0.2069
Doctor Strange,DIS,2016-10-25,2016,10,4,180000000,676343174,275.7462077777778,High ($150M-$250M),Fantasy,7.421,23447,13.0877,2016-10-25,2.419,1.6046,0.8145,-0.2843
Guardians of the Galaxy Vol. 2,DIS,2017-04-25,2017,4,2,200000000,863756051,331.87802550000004,High ($150M-$250M),Science Fiction,7.61,22958,12.4573,2017-04-25,-1.2525,-1.1362,-0.1162,0.6926
Spider-Man: Homecoming,DIS,2017-07-05,2017,7,3,175000000,880978185,403.41610571428566,High ($150M-$250M),Action,7.3,23195,27.4522,2017-07-05,-0.5342,2.1996,-2.7338,-1.8483
Thor: Ragnarok,DIS,2017-10-02,2017,10,4,180000000,855301806,375.16767,High ($150M-$250M),Action,7.6,22037,16.7499,2017-10-02,-0.6752,-0.6951,0.0199,0.9213
Black Panther,DIS,2018-02-13,2018,2,1,200000000,1349926083,574.9630415,High ($150M-$250M),Action,7.364,23511,15.856,2018-02-13,-1.6474,-1.5466,-0.1007,0.4448
Avengers: Infinity War,DIS,2018-04-25,2018,4,2,300000000,2052415039,584.1383463333333,Mega (>$250M),Adventure,8.237,32070,53.9543,2018-04-25,0.1355,-0.0032,0.1387,1.5155
Ant-Man and the Wasp,DIS,2018-07-04,2018,7,3,140000000,622674139,344.7672421428571,Mid ($50M-$150M),Action,6.9,14200,7.1021,2018-07-05,1.8507,0.1557,1.6951,0.3874
Captain Marvel,DIS,2019-03-06,2019,3,1,152000000,1131416446,644.352925,High ($150M-$250M),Action,6.782,16765,17.4994,2019-03-06,-0.0929,0.5964,-0.6893,1.398
Avengers: Endgame,DIS,2019-04-24,2019,4,2,356000000,2799439100,686.359297752809,Mega (>$250M),Adventure,8.237,27800,34.8218,2019-04-24,2.6929,0.0624,2.6305,1.5239
Spider-Man: Far From Home,DIS,2019-06-28,2019,6,2,160000000,1132723226,607.9520162499999,High ($150M-$250M),Action,7.396,16979,23.4968,2019-06-28,-0.8044,-0.9284,0.124,-0.3317
Black Widow,DIS,2021-07-07,2021,7,3,200000000,379751131,89.8755655,High ($150M-$250M),Action,7.2,11255,15.0792,2021-07-07,2.0128,-2.8357,4.8485,-0.8368
Shang-Chi and the Legend of the Ten Rings,DIS,2021-09-01,2021,9,3,150000000,432243292,188.16219466666664,Mid ($50M-$150M),Action,7.495,10399,21.1,2021-09-01,3.977,0.7851,3.1918,1.1712
Eternals,DIS,2021-11-03,2021,11,4,200000000,402064899,101.0324495,High ($150M-$250M),Science Fiction,6.773,9157,11.0974,2021-11-03,-0.1132,-2.5,2.3868,-0.4989
Doctor Strange in the Multiverse of Madness,DIS,2022-05-04,2022,5,2,290000000,955775804,229.57786344827588,Mega (>$250M),Fantasy,7.231,10362,20.4538,2022-05-04,-3.6836,-1.9769,-1.7067,-0.6613
Thor: Love and Thunder,DIS,2022-07-06,2022,7,3,250000000,760928081,204.3712324,High ($150M-$250M),Fantasy,6.37,8572,17.5966,2022-07-06,-1.2799,2.37,-3.6499,-1.4892
Black Panther: Wakanda Forever,DIS,2022-11-09,2022,11,4,250000000,859102154,243.6408616,High ($150M-$250M),Action,7.006,7477,19.4079,2022-11-09,-13.6294,-5.1334,-8.496,-11.0854
Ant-Man and the Wasp: Quantumania,DIS,2023-02-15,2023,2,1,200000000,476071180,138.03559,High ($150M-$250M),Action,6.226,5851,16.4621,2023-02-15,-5.4862,-2.9355,-2.5507,1.1903
Guardians of the Galaxy Vol. 3,DIS,2023-05-03,2023,5,2,250000000,845550000,238.22,High ($150M-$250M),Science Fiction,7.932,8355,16.8941,2023-05-03,1.7399,1.5212,0.2187,0.9583
The Marvels,DIS,2023-11-08,2023,11,4,274800000,206136825,-24.986599344978167,Mega (>$250M),Science Fiction,5.944,3398,8.412,2023-11-08,7.3116,-0.6528,7.9645,-0.2069
Deadpool & Wolverine,DIS,2024-07-24,2024,7,3,200000000,1338073645,569.0368225,High ($150M-$250M),Action,7.572,8730,51.7268,2024-07-24,-2.3092,-5.9028,3.5936,1.0613
Jupiter Ascending,WBD,2015-02-04,2015,2,1,176000000,184000000,4.545454545454546,High ($150M-$250M),Science Fiction,5.5,7120,6.7319,2015-02-04,0.0341,-2.6088,2.6429,2.208
Focus,WBD,2015-02-25,2015,2,1,50100000,153962963,207.3113033932136,Mid ($50M-$150M),Romance,6.871,8289,5.1099,2015-02-25,9.6014,6.3042,3.2971,-0.1052
Run All Night,WBD,2015-03-11,2015,3,1,50000000,71561644,43.123288,Low (<$50M),Action,6.433,2977,3.2759,2015-03-11,-6.7221,-1.8183,-4.9038,0.2845
Mad Max: Fury Road,WBD,2015-05-13,2015,5,2,150000000,378858340,152.5722266666667,Mid ($50M-$150M),Action,7.635,24106,15.1988,2015-05-13,1.4454,-2.1135,3.5589,-1.7809
San Andreas,WBD,2015-05-27,2015,5,2,110000000,473990832,330.90075636363633,Mid ($50M-$150M),Action,6.246,9021,7.671,2015-05-27,3.7133,0.7968,2.9166,-0.1552
Entourage,WBD,2015-06-03,2015,6,2,30000000,49263404,64.21134666666667,Low (<$50M),Comedy,6.243,1115,2.9092,2015-06-03,1.1632,3.0695,-1.9064,-0.153
Max,WBD,2015-06-25,2015,6,2,20000000,43956255,119.781275,Low (<$50M),Adventure,7.116,934,2.3395,2015-06-25,0.6549,0.8427,-0.1878,-0.1471
Magic Mike XXL,WBD,2015-07-01,2015,7,3,14800000,117800000,695.9459459459459,Low (<$50M),Comedy,6.142,1861,2.1013,2015-07-01,-0.9933,0.5986,-1.5919,-0.6034
The Man from U.N.C.L.E.,WBD,2015-08-13,2015,8,3,75000000,110045109,46.726812,Mid ($50M-$150M),Comedy,7.079,6872,5.1813,2015-08-13,-2.1326,0.9622,-3.0948,-1.428
The Intern,WBD,2015-09-23,2015,9,3,35000000,194564672,455.8990628571429,Low (<$50M),Comedy,7.231,7338,8.8298,2015-09-23,-0.4359,4.9138,-5.3497,-0.2985
Pan,WBD,2015-09-24,2015,9,3,150000000,128388320,-14.407786666666668,Mid ($50M-$150M),Fantasy,6.0,2849,4.3925,2015-09-24,-5.6713,2.1512,-7.8224,0.264
In the Heart of the Sea,WBD,2015-12-03,2015,12,4,100000000,93900000,-6.1,Mid ($50M-$150M),Thriller,6.761,4356,4.2797,2015-12-03,-6.6928,-2.0255,-4.6674,1.2385
Midnight Special,WBD,2016-02-18,2016,2,1,18000000,7112282,-60.48732222222222,Low (<$50M),Adventure,6.3,2045,1.9657,2016-02-18,-4.2642,3.9149,-8.1791,-3.6143
Batman v Superman: Dawn of Justice,WBD,2016-03-23,2016,3,1,250000000,874362803,249.7451212,High ($150M-$250M),Action,6.001,19008,15.6993,2016-03-23,1.4645,2.6956,-1.2311,-3.033
The Legend of Tarzan,WBD,2016-06-29,2016,6,2,180000000,356743061,98.19058944444444,High ($150M-$250M),Fantasy,5.92,6516,7.151,2016-06-29,-1.4809,-4.6607,3.1797,0.2624
Suicide Squad,WBD,2016-08-03,2016,8,3,175000000,749200054,328.11431657142856,High ($150M-$250M),Action,5.9,22111,8.7739,2016-08-03,0.4467,3.7845,-3.3379,1.2385
War Dogs,WBD,2016-08-18,2016,8,3,50000000,86234523,72.469046,Low (<$50M),Comedy,6.943,5486,6.1318,2016-08-18,0.6238,4.3261,-3.7023,-0.702
Sully,WBD,2016-09-07,2016,9,3,60000000,240800000,301.3333333333333,Mid ($50M-$150M),Drama,7.204,7726,6.5035,2016-09-07,-1.0032,-2.4725,1.4693,-0.0651
Storks,WBD,2016-09-22,2016,9,3,70000000,182379278,160.54182571428572,Mid ($50M-$150M),Adventure,6.671,2504,4.4937,2016-09-22,6.987,-2.581,9.568,4.1605
The Accountant,WBD,2016-10-13,2016,10,4,44000000,155160045,252.6364659090909,Low (<$50M),Crime,7.138,7360,7.4605,2016-10-13,-6.4718,-4.6349,-1.837,-1.5624
Fantastic Beasts and Where to Find Them,WBD,2016-11-16,2016,11,4,180000000,809342332,349.63462888888887,High ($150M-$250M),Fantasy,7.309,19708,12.1513,2016-11-16,2.9405,5.6548,-2.7143,-0.4533
Live by Night,WBD,2016-12-25,2016,12,4,90000000,22700000,-74.77777777777777,Mid ($50M-$150M),Crime,6.274,1403,2.5726,2016-12-27,-0.8689,-1.621,0.7521,0.2037
The Lego Batman Movie,WBD,2017-02-08,2017,2,1,80000000,311950384,289.93798000000004,Mid ($50M-$150M),Animation,7.247,5419,8.1885,2017-02-08,-2.4646,-1.8857,-0.5788,-1.7128
CHiPs,WBD,2017-03-23,2017,3,1,25000000,26800152,7.200608,Low (<$50M),Action,6.133,1391,3.2946,2017-03-23,3.2331,-0.0957,3.3288,0.5781
King Arthur: Legend of the Sword,WBD,2017-05-10,2017,5,2,175000000,149175066,-14.757105142857144,High ($150M-$250M),Action,6.558,6058,7.5706,2017-05-10,-9.1374,-4.8687,-4.2687,-2.1761
Wonder Woman,WBD,2017-05-30,2017,5,2,149000000,823970682,453.0004577181208,Mid ($50M-$150M),Action,7.209,20917,12.6261,2017-05-30,-0.7995,-1.3813,0.5819,1.3961
"Everything, Everything",WBD,2017-05-18,2017,5,2,10000000,61621140,516.2114,Low (<$50M),Drama,7.24,3751,2.5415,2017-05-18,-2.524,-2.0926,-0.4313,-0.0899
Dunkirk,WBD,2017-07-19,2017,7,3,150000000,549136737,266.091158,Mid ($50M-$150M),War,7.452,17583,12.4216,2017-07-19,-0.5191,-2.0025,1.4834,3.8006
Geostorm,WBD,2017-10-12,2017,10,4,120000000,221600160,84.6668,Mid ($50M-$150M),Action,6.126,5187,10.1424,2017-10-12,-8.5427,-8.8523,0.3095,-3.4313
Justice League,WBD,2017-11-15,2017,11,4,300000000,661326987,120.442329,Mega (>$250M),Action,6.074,13677,10.2276,2017-11-15,2.6691,-5.6895,8.3586,3.2553
Father Figures,WBD,2017-12-21,2017,12,4,25000000,25601244,2.404976,Low (<$50M),Comedy,5.805,676,1.8084,2017-12-21,12.2445,11.8296,0.4149,4.227
The 15:17 to Paris,WBD,2018-02-07,2018,2,1,30000000,57076286,90.25428666666669,Low (<$50M),Drama,5.414,1691,1.6459,2018-02-07,0.0735,0.2412,-0.1676,-2.52
Tomb Raider,WBD,2018-03-05,2018,3,1,94000000,274650803,192.18170531914893,Mid ($50M-$150M),Action,6.367,8368,8.4667,2018-03-05,0.8159,5.1787,-4.3628,-1.6302
Ready Player One,WBD,2018-03-28,2018,3,1,175000000,607274134,247.01379085714285,High ($150M-$250M),Adventure,7.588,16948,13.4064,2018-03-28,4.9239,2.5046,2.4193,-2.0607
Ocean's Eight,WBD,2018-06-07,2018,6,2,70000000,297718711,325.31244428571426,Mid ($50M-$150M),Crime,6.957,8803,8.0193,2018-06-07,15.695,2.7178,12.9772,1.905
The Meg,WBD,2018-08-09,2018,8,3,150000000,530517320,253.67821333333333,Mid ($50M-$150M),Action,6.248,8204,12.2877,2018-08-09,-0.1184,-3.6029,3.4845,1.8986
Crazy Rich Asians,WBD,2018-08-15,2018,8,3,30000000,238539198,695.1306599999999,Low (<$50M),Comedy,7.052,3961,4.0507,2018-08-15,13.095,4.0301,9.0648,-0.6024
A Star Is Born,WBD,2018-10-03,2018,10,4,36000000,436388866,847.6065358441559,Low (<$50M),Music,7.5,12241,4.7521,2018-10-03,6.1623,3.8232,2.3391,1.3287
Fantastic Beasts: The Crimes of Grindelwald,WBD,2018-11-14,2018,11,4,200000000,654900000,227.45,High ($150M-$250M),Fantasy,6.835,11472,5.1069,2018-11-14,-5.1719,-2.366,-2.8059,0.165
Aquaman,WBD,2018-12-07,2018,12,4,160000000,1152028393,620.017745625,High ($150M-$250M),Action,6.868,14918,15.2508,2018-12-07,-5.4587,-4.9609,-0.4978,1.5773
The Mule,WBD,2018-12-14,2018,12,4,50000000,174800000,249.6,Low (<$50M),Crime,6.868,5369,4.714,2018-12-14,-4.1165,-2.4065,-1.71,1.9087
The Sun Is Also a Star,WBD,2019-05-16,2019,5,2,9000000,6800000,-24.444444444444443,Low (<$50M),Romance,7.0,625,1.3632,2019-05-16,-3.8516,-3.0686,-0.783,-0.4211
Joker,WBD,2019-10-01,2019,10,4,55000000,1078958629,847.6065358441559,Mid ($50M-$150M),Crime,8.125,27754,21.5069,2019-10-01,4.3177,0.7044,3.6132,1.7516
Just Mercy,WBD,2019-12-25,2019,12,4,25000000,50401502,101.606008,Low (<$50M),Drama,7.854,2491,3.9846,2019-12-26,-2.3496,1.0647,-3.4143,0.2441
Doctor Sleep,WBD,2019-10-30,2019,10,4,45000000,72385286,60.85619111111112,Low (<$50M),Horror,7.144,4887,5.1433,2019-10-30,-4.3026,-4.0206,-0.282,-2.1853
Richard Jewell,WBD,2019-12-13,2019,12,4,45000000,33900000,-24.666666666666668,Low (<$50M),Drama,7.417,2729,3.8186,2019-12-13,-0.5961,-0.7599,0.1638,-0.0691
Birds of Prey (and the Fantabulous Emancipation of One Harley Quinn),WBD,2020-02-05,2020,2,1,75000000,205537933,174.05057733333334,Mid ($50M-$150M),Action,6.877,10820,10.0648,2020-02-05,-3.5434,-3.1835,-0.3599,1.8675
The Way Back,WBD,2020-03-05,2020,3,1,23000000,14590514,-36.562982608695656,Low (<$50M),Drama,6.6,1327,1.9886,2020-03-05,5.4506,-0.2516,5.7022,-1.4362
Scoob!,WBD,2020-07-08,2020,7,3,90000000,28600000,-68.22222222222221,Mid ($50M-$150M),Animation,7.0,1813,5.3612,2020-07-08,-2.498,-7.0657,4.5677,-1.4704
Tenet,WBD,2020-08-22,2020,8,3,205000000,365304105,78.1971243902439,High ($150M-$250M),Action,7.175,11114,9.3174,2020-08-24,-6.0197,-3.5121,-2.5076,2.7246
Cats & Dogs 3: Paws Unite,WBD,2020-09-15,2020,9,3,17000000,4200000,-75.29411764705883,Low (<$50M),Family,6.274,257,1.5671,2020-09-15,1.4649,5.4867,-4.0218,-0.3116
Wonder Woman 1984,WBD,2020-12-16,2020,12,4,200000000,169601036,-15.199482,High ($150M-$250M),Action,6.368,9064,6.9095,2020-12-16,1.0819,2.4336,-1.3517,0.0665
The Little Things,WBD,2021-01-28,2021,1,1,30000000,29942746,-0.1908466666666666,Low (<$50M),Drama,6.353,2835,3.7358,2021-01-28,12.3154,21.6597,-9.3443,-7.4725
Tom & Jerry,WBD,2021-02-10,2021,2,1,50000000,136536687,173.073374,Low (<$50M),Comedy,6.733,2576,6.2122,2021-02-10,19.6381,6.0839,13.5542,3.6437
Space Jam: A New Legacy,WBD,2021-07-08,2021,7,3,150000000,163692228,9.128152,Mid ($50M-$150M),Family,6.644,4226,4.7279,2021-07-08,-7.8145,-4.0554,-3.7591,-1.7826
The Suicide Squad,WBD,2021-07-28,2021,7,3,185000000,168717425,-8.801391891891893,High ($150M-$250M),Action,7.46,9594,19.2927,2021-07-28,-0.7676,0.7446,-1.5122,1.961
Reminiscence,WBD,2021-08-18,2021,8,3,68000000,18717947,-72.47360735294117,Mid ($50M-$150M),Mystery,6.518,1953,2.9201,2021-08-18,-3.6647,-3.0822,-0.5825,0.5156
King Richard,WBD,2021-11-18,2021,11,4,50000000,39400000,-21.2,Low (<$50M),Drama,7.598,2861,4.9855,2021-11-18,-8.7214,-0.0021,-8.7193,-3.0206
Cry Macho,WBD,2021-09-16,2021,9,3,33000000,16510734,-49.96747272727273,Low (<$50M),Drama,5.9,1122,1.696,2021-09-16,-3.8354,0.2572,-4.0926,0.8265
The Matrix Resurrections,WBD,2021-12-16,2021,12,4,190000000,156497322,-17.63298842105263,High ($150M-$250M),Science Fiction,6.333,6482,9.7264,2021-12-16,1.2586,-6.4205,7.6791,4.5961
The Batman,WBD,2022-03-01,2022,3,1,185000000,772775278,317.7163664864865,High ($150M-$250M),Crime,7.7,11970,29.0809,2022-03-01,-12.0319,-6.7072,-5.3247,1.7613
Fantastic Beasts: The Secrets of Dumbledore,WBD,2022-04-06,2022,4,2,200000000,407200000,103.6,High ($150M-$250M),Fantasy,6.6,5099,8.6042,2022-04-06,3.7345,-4.6606,8.3951,-1.0758
Elvis,WBD,2022-06-22,2022,6,2,85000000,288670284,239.61209882352944,Mid ($50M-$150M),Music,7.5,3890,5.3653,2022-06-22,-7.5614,0.1975,-7.7589,-0.3684
Black Adam,WBD,2022-10-19,2022,10,4,200000000,393452111,96.7260555,High ($150M-$250M),Action,6.804,7026,10.5951,2022-10-19,5.378,7.1299,-1.7518,-1.4291
Magic Mike's Last Dance,WBD,2023-02-09,2023,2,1,45000000,52000000,15.555555555555555,Low (<$50M),Comedy,6.4,593,2.2897,2023-02-09,0.7955,-5.1016,5.8971,-0.422
Meg 2: The Trench,WBD,2023-08-02,2023,8,3,129000000,398500317,208.91497441860463,Mid ($50M-$150M),Action,6.377,3984,12.5886,2023-08-02,14.7466,2.6694,12.0772,-1.1024
The Flash,WBD,2023-06-13,2023,6,2,220000000,271333313,23.33332409090909,High ($150M-$250M),Action,6.617,4997,14.9276,2023-06-13,4.9272,17.4662,-12.5391,-1.9817
Barbie,WBD,2023-07-19,2023,7,3,145000000,1447138421,847.6065358441559,Mid ($50M-$150M),Comedy,6.922,11133,23.6813,2023-07-19,-6.619,-6.424,-0.1949,3.7579
Blue Beetle,WBD,2023-08-16,2023,8,3,104000000,130788072,25.757761538461537,Mid ($50M-$150M),Action,6.636,3113,11.499,2023-08-16,-11.1425,-5.7415,-5.401,-0.9583
The Color Purple,WBD,2023-12-25,2023,12,4,90000000,68919191,-23.42312111111111,Mid ($50M-$150M),Drama,6.988,360,2.9487,2023-12-26,-7.4478,-8.9106,1.4627,1.6176
Wonka,WBD,2023-12-06,2023,12,4,125000000,634502312,407.6018496,Mid ($50M-$150M),Comedy,7.0,4390,13.2235,2023-12-06,8.7651,2.5572,6.208,0.8506
Aquaman and the Lost Kingdom,WBD,2023-12-20,2023,12,4,205000000,440181226,114.72254926829268,High ($150M-$250M),Action,6.523,3497,14.189,2023-12-20,1.6398,7.3124,-5.6726,-4.195
Furiosa: A Mad Max Saga,WBD,2024-05-22,2024,5,2,168000000,174287546,3.7425869047619047,High ($150M-$250M),Action,7.5,4891,16.6222,2024-05-22,-5.1025,-9.4239,4.3214,2.4252
Twisters,WBD,2024-07-10,2024,7,3,155000000,372262265,140.16920322580646,High ($150M-$250M),Action,6.778,2994,9.465,2024-07-10,14.2191,1.5478,12.6713,-1.2933
Beetlejuice Beetlejuice,WBD,2024-09-04,2024,9,3,99000000,452000435,356.56609595959594,Mid ($50M-$150M),Comedy,6.935,3123,12.9793,2024-09-04,-15.5709,-9.3472,-6.2237,-0.3832
Joker: Folie à Deux,WBD,2024-10-01,2024,10,4,190000000,207500287,9.210677368421052,High ($150M-$250M),Drama,5.403,2927,7.0036,2024-10-01,-5.9935,0.3867,-6.3802,-0.1585
Juror #2,WBD,2024-10-30,2024,10,4,30000000,21418477,-28.60507666666667,Low (<$50M),Drama,6.888,2475,4.4174,2024-10-30,9.5666,0.651,8.9156,3.2439
Shazam!,WBD,2019-03-29,2019,3,1,80000000,367799011,359.74876375,Mid ($50M-$150M),Action,6.978,10207,14.4322,2019-03-29,8.8377,2.2895,6.5482,-0.2647
Shazam! Fury of the Gods,WBD,2023-03-15,2023,3,1,110000000,134221819,22.01983545454545,Mid ($50M-$150M),Comedy,6.4,3641,6.4572,2023-03-15,-0.3498,-3.4807,3.1309,-2.7183
Hot Pursuit,WBD,2015-05-08,2015,5,2,35000000,51680201,47.657717142857145,Low (<$50M),Action,5.744,1734,2.3045,2015-05-08,-3.4714,-2.715,-0.7564,-1.917
The Gallows,WBD,2015-07-09,2015,7,3,100000,42964410,847.6065358441559,Low (<$50M),Horror,4.938,993,1.1689,2015-07-09,1.718,-0.603,2.321,-0.9889
Vacation,WBD,2015-07-28,2015,7,3,31000000,104400000,236.7741935483871,Low (<$50M),Comedy,6.307,3988,5.8043,2015-07-28,2.4312,-0.4845,2.9157,-1.9679
Creed,WBD,2015-11-25,2015,11,4,37000000,173600000,369.1891891891892,Low (<$50M),Drama,7.408,7960,9.5718,2015-11-25,0.1475,0.9344,-0.7869,0.5622
How to Be Single,WBD,2016-02-08,2016,2,1,38000000,112343513,195.6408236842105,Low (<$50M),Comedy,6.255,3360,5.8131,2016-02-08,-4.9109,1.9132,-6.8241,-2.958
Keanu,WBD,2016-04-29,2016,4,2,15000000,20749853,38.33235333333334,Low (<$50M),Action,6.045,1136,1.6137,2016-04-29,1.6428,0.0402,1.6026,-2.4777
Barbershop: The Next Cut,WBD,2016-04-15,2016,4,2,20000000,55030051,175.15025500000002,Low (<$50M),Comedy,6.3,499,1.3866,2016-04-15,0.7619,-0.3033,1.0651,-0.0425
The Conjuring 2,WBD,2016-06-08,2016,6,2,40000000,322819915,707.0497875,Low (<$50M),Horror,7.293,9193,15.6589,2016-06-08,-7.2112,-0.6276,-6.5836,0.3513
Me Before You,WBD,2016-06-01,2016,6,2,20000000,207945075,847.6065358441559,Low (<$50M),Drama,7.9,13236,12.3348,2016-06-01,3.349,3.6254,-0.2764,-0.2571
Lights Out,WBD,2016-07-21,2016,7,3,4900000,149368835,847.6065358441559,Low (<$50M),Horror,6.371,4132,5.5944,2016-07-21,-1.6751,-1.6211,-0.054,0.7168
Central Intelligence,WBD,2016-06-15,2016,6,2,50000000,216972543,333.945086,Low (<$50M),Action,6.414,6354,7.6125,2016-06-15,-5.4804,-6.2612,0.7809,-0.3224
Collateral Beauty,WBD,2016-12-15,2016,12,4,36000000,88528280,145.91188888888888,Low (<$50M),Drama,7.2,5557,2.8987,2016-12-15,-3.1407,-0.892,-2.2487,0.2044
Fist Fight,WBD,2017-02-16,2017,2,1,22000000,41087017,86.75916818181818,Low (<$50M),Comedy,6.041,1312,2.1094,2017-02-16,3.1231,1.1339,1.9892,0.3672
The Disaster Artist,WBD,2017-03-12,2017,3,1,10000000,29820616,198.20616,Low (<$50M),Comedy,7.101,3750,2.3117,2017-03-13,-0.1395,-0.272,0.1325,-0.7228
Going in Style,WBD,2017-04-06,2017,4,2,25000000,84618541,238.474164,Low (<$50M),Crime,6.691,3045,4.0789,2017-04-06,2.2467,4.9182,-2.6715,-0.3973
Annabelle: Creation,WBD,2017-08-03,2017,8,3,15000000,306592201,847.6065358441559,Low (<$50M),Horror,6.609,5991,7.0122,2017-08-03,-12.2679,-5.6704,-6.5976,-0.8612
The House,WBD,2017-06-29,2017,6,2,40000000,34200000,-14.499999999999998,Low (<$50M),Comedy,5.628,977,2.5318,2017-06-29,1.3854,1.9687,-0.5833,0.3244
It,WBD,2017-09-06,2017,9,3,35000000,719766009,847.6065358441559,Low (<$50M),Horror,7.2,20338,11.9623,2017-09-06,-9.4056,-5.8693,-3.5363,0.7972
Game Night,WBD,2018-02-15,2018,2,1,37000000,117501013,217.5703054054054,Low (<$50M),Mystery,6.844,6305,4.7669,2018-02-15,1.3338,2.3524,-1.0186,-0.3257
Rampage,WBD,2018-04-11,2018,4,2,120000000,428028233,256.69019416666663,Mid ($50M-$150M),Action,6.446,7516,13.697,2018-04-11,3.0283,0.9257,2.1027,0.3313
Life of the Party,WBD,2018-05-10,2018,5,2,30000000,61700416,105.66805333333332,Low (<$50M),Comedy,6.085,1053,2.4328,2018-05-10,-5.058,-7.8873,2.8293,5.975
Tag,WBD,2018-05-30,2018,5,2,28000000,75100000,168.21428571428572,Low (<$50M),Comedy,6.708,3446,4.1519,2018-05-30,-2.4482,-1.6134,-0.8349,-3.5527
The Nun,WBD,2018-09-05,2018,9,3,22000000,366082797,847.6065358441559,Low (<$50M),Horror,5.905,7176,13.38,2018-09-05,7.0904,-4.5939,11.6843,0.2439
Creed II,WBD,2018-11-21,2018,11,4,50000000,214200000,328.4,Low (<$50M),Drama,7.034,5797,10.4981,2018-11-21,-1.9261,-5.3819,3.4558,2.5761
Blinded by the Light,WBD,2019-08-09,2019,8,3,8300000,18144644,118.6101686746988,Low (<$50M),Drama,6.92,609,1.071,2019-08-09,-4.4459,-0.4207,-4.0252,-0.0461
Isn't It Romantic,WBD,2019-02-13,2019,2,1,31000000,48800000,57.41935483870968,Low (<$50M),Comedy,6.198,3588,2.4279,2019-02-13,-1.4055,-3.3868,1.9813,0.373
The Curse of La Llorona,WBD,2019-04-17,2019,4,2,9000000,123233739,847.6065358441559,Low (<$50M),Horror,5.653,2670,6.4038,2019-04-17,3.8222,3.0637,0.7585,1.6617
Shaft,WBD,2019-06-14,2019,6,2,30000000,21360215,-28.79928333333333,Low (<$50M),Action,6.531,1869,3.5332,2019-06-14,4.2899,3.5601,0.7298,-2.7495
Annabelle Comes Home,WBD,2019-06-26,2019,6,2,27000000,231252591,756.4910777777777,Low (<$50M),Horror,6.411,3849,5.8001,2019-06-26,1.6566,1.0636,0.5929,-1.2465
The Kitchen,WBD,2019-08-08,2019,8,3,38000000,16000000,-57.89473684210527,Low (<$50M),Action,6.102,731,2.0937,2019-08-08,-6.195,1.7709,-7.9659,-2.5125
It Chapter Two,WBD,2019-09-04,2019,9,3,79000000,473123154,498.8900683544304,Mid ($50M-$150M),Horror,6.838,9625,11.8404,2019-09-04,0.8688,-1.9944,2.8631,-0.5264
The Good Liar,WBD,2019-11-08,2019,11,4,10000000,33856058,238.56058,Low (<$50M),Crime,6.7,1270,1.8103,2019-11-08,7.7954,13.2043,-5.409,-0.6428
Mortal Kombat,WBD,2021-04-07,2021,4,2,20000000,84426031,322.130155,Low (<$50M),Action,7.042,6727,104.1313,2021-04-07,-10.4148,2.8084,-13.2232,-0.1245
Those Who Wish Me Dead,WBD,2021-05-05,2021,5,2,20000000,23384502,16.92251,Low (<$50M),Thriller,6.609,1852,5.6522,2021-05-05,-5.4444,-5.8946,0.4502,0.313
The Conjuring: The Devil Made Me Do It,WBD,2021-05-25,2021,5,2,39000000,206444123,429.3439051282052,Low (<$50M),Horror,7.351,6550,11.1964,2021-05-25,-6.0176,-8.6202,2.6026,-1.7696
Malignant,WBD,2021-09-01,2021,9,3,40000000,34891791,-12.7705225,Low (<$50M),Horror,6.748,2626,4.6594,2021-09-01,-6.8018,-0.2016,-6.6002,-1.4528
The Many Saints of Newark,WBD,2021-09-22,2021,9,3,50000000,13037403,-73.925194,Low (<$50M),Crime,6.305,755,2.7555,2021-09-22,-1.1842,-2.187,1.0028,0.2011
Don't Worry Darling,WBD,2022-09-21,2022,9,3,35000000,86700000,147.71428571428572,Low (<$50M),Science Fiction,6.768,2952,7.4314,2022-09-21,-3.2176,4.1304,-7.348,-5.7827
Evil Dead Rise,WBD,2023-04-12,2023,4,2,15000000,147256372,847.6065358441559,Low (<$50M),Horror,6.928,3691,19.7606,2023-04-12,-3.8155,1.326,-5.1414,-5.4137
The Nun II,WBD,2023-09-06,2023,9,3,38500000,269670590,600.443090909091,Low (<$50M),Horror,6.645,2469,8.4325,2023-09-06,-11.2222,-10.0519,-1.1702,-0.5915
The Lord of the Rings: The War of the Rohirrim,WBD,2024-12-05,2024,12,4,30000000,20658572,-31.13809333333333,Low (<$50M),Animation,6.553,860,7.578,2024-12-05,21.8208,4.1748,17.646,0.4687
Blackhat,WBD,2015-01-13,2015,1,1,70000000,17752940,-74.63865714285714,Mid ($50M-$150M),Crime,5.517,2186,4.1285,2015-01-13,-11.9647,-4.7258,-7.2389,-1.1012
Jurassic World,WBD,2015-06-06,2015,6,2,150000000,1671537444,847.6065358441559,Mid ($50M-$150M),Adventure,6.701,21597,13.4852,2015-06-08,-2.4952,2.196,-4.6913,-1.2974
Straight Outta Compton,WBD,2015-08-11,2015,8,3,28000000,201634991,620.1249678571428,Low (<$50M),Drama,7.776,4196,6.7103,2015-08-11,-10.836,-9.5888,-1.2472,-1.7854
Steve Jobs,WBD,2015-10-09,2015,10,4,30000000,34400000,14.666666666666666,Low (<$50M),Drama,6.773,4375,2.9761,2015-10-09,6.2799,8.4504,-2.1705,0.1355
Crimson Peak,WBD,2015-10-13,2015,10,4,55000000,74700000,35.81818181818181,Mid ($50M-$150M),Horror,6.66,5251,10.2341,2015-10-13,6.1586,5.6048,0.5538,0.6479
Krampus,WBD,2015-11-26,2015,11,4,15000000,61800000,312.0,Low (<$50M),Horror,6.201,2395,3.2911,2015-11-27,-0.5228,0.8537,-1.3765,-0.1879
Warcraft,WBD,2016-05-25,2016,5,2,160000000,433677183,171.048239375,High ($150M-$250M),Action,6.405,7276,8.2121,2016-05-25,0.3606,-4.7501,5.1107,1.0741
The Great Wall,WBD,2016-12-16,2016,12,4,150000000,331957105,121.30473666666666,Mid ($50M-$150M),Action,6.031,5539,7.878,2016-12-16,-6.1162,-3.0758,-3.0404,-1.4194
Kong: Skull Island,WBD,2017-03-08,2017,3,1,185000000,566652812,206.2988172972973,High ($150M-$250M),Action,6.554,11138,9.9979,2017-03-08,-3.5508,-3.7608,0.21,1.0572
Pacific Rim: Uprising,WBD,2018-03-21,2018,3,1,150000000,290061297,93.374198,Mid ($50M-$150M),Action,6.128,5345,9.5814,2018-03-21,-7.4446,-7.8885,0.4439,0.9575
BlacKkKlansman,WBD,2018-08-09,2018,8,3,15000000,93411426,522.74284,Low (<$50M),Crime,7.491,8106,3.7998,2018-08-09,-0.1184,-3.6029,3.4845,1.8986
Skyscraper,WBD,2018-07-11,2018,7,3,125000000,304870828,143.8966624,Mid ($50M-$150M),Action,6.309,5345,3.8545,2018-07-11,-6.216,1.0878,-7.3038,-1.861
Little,WBD,2019-04-04,2019,4,2,20000000,17399000,-13.005,Low (<$50M),Comedy,6.836,754,2.0536,2019-04-04,6.4976,-1.2695,7.7671,3.4155
Pokémon Detective Pikachu,WBD,2019-05-03,2019,5,2,150000000,450063166,200.04211066666667,Mid ($50M-$150M),Action,6.906,7360,7.1392,2019-05-03,-4.7065,-3.1908,-1.5158,-0.6904
Godzilla: King of the Monsters,WBD,2019-05-29,2019,5,2,170000000,387300138,127.8236105882353,High ($150M-$250M),Science Fiction,6.692,6725,10.5981,2019-05-29,3.3683,3.6337,-0.2654,-0.9206
Godzilla vs. Kong,WBD,2021-03-24,2021,3,1,200000000,470116094,135.058047,High ($150M-$250M),Action,7.535,10646,9.6977,2021-03-24,-49.671,-4.0794,-45.5916,-13.0414
Dune,WBD,2021-09-15,2021,9,3,165000000,410668500,148.89,High ($150M-$250M),Science Fiction,7.78,14936,27.227,2021-09-15,-6.3488,-4.363,-1.9859,1.247
The Book of Clarence,WBD,2024-01-11,2024,1,1,40000000,6205230,-84.486925,Low (<$50M),Adventure,5.8,136,2.9018,2024-01-11,-11.4048,-4.553,-6.8518,-3.8527
Dune: Part Two,WBD,2024-02-27,2024,2,1,190000000,714844358,276.23387263157895,High ($150M-$250M),Science Fiction,8.129,8013,27.9345,2024-02-27,-19.5145,-14.6581,-4.8564,1.5837
Godzilla x Kong: The New Empire,WBD,2024-03-27,2024,3,1,150000000,571750016,281.1666773333333,Mid ($50M-$150M),Action,7.0,4686,19.9979,2024-03-27,0.1926,-1.8133,2.0059,2.2396
Chappie,SONY,2015-03-04,2015,3,1,49000000,104399548,113.06030204081632,Low (<$50M),Crime,6.79,8487,13.3726,2015-03-04,0.3797,0.7078,-0.328,0.6544
Paul Blart: Mall Cop 2,SONY,2015-04-16,2015,4,2,38000000,107597242,183.15063684210529,Low (<$50M),Action,5.177,1694,3.2592,2015-04-16,2.9181,6.1813,-3.2632,-2.0324
Pixels,SONY,2015-07-16,2015,7,3,88000000,244874809,178.26682840909092,Mid ($50M-$150M),Action,5.779,8047,9.197,2015-07-16,6.0074,1.2316,4.7759,-0.5866
Goosebumps,SONY,2015-08-05,2015,8,3,58000000,158952243,174.05559137931036,Mid ($50M-$150M),Adventure,6.313,3982,4.995,2015-08-05,-8.5379,-6.569,-1.9689,-1.2252
Hotel Transylvania 2,SONY,2015-09-21,2015,9,3,80000000,473200000,491.5,Mid ($50M-$150M),Animation,6.8,6127,6.9356,2015-09-21,-3.7741,-2.6897,-1.0844,-0.2598
Spectre,SONY,2015-10-26,2015,10,4,245000000,880707597,259.4724885714286,High ($150M-$250M),Action,6.57,11258,10.9245,2015-10-26,2.7647,3.8038,-1.0391,0.6774
Concussion,SONY,2015-11-12,2015,11,4,35000000,50400000,44.0,Low (<$50M),Drama,7.075,2722,3.5843,2015-11-12,-4.718,0.7876,-5.5056,-0.1204
The Night Before,SONY,2015-11-20,2015,11,4,25000000,52395996,109.583984,Low (<$50M),Comedy,6.1,1831,1.9166,2015-11-20,-8.8693,-5.3852,-3.4841,-0.2693
The 5th Wave,SONY,2016-01-14,2016,1,1,38000000,109906372,189.2272947368421,Low (<$50M),Science Fiction,5.937,6035,4.5897,2016-01-14,-3.8003,0.2076,-4.0078,-2.5144
Risen,SONY,2016-02-18,2016,2,1,20000000,46100000,130.5,Low (<$50M),Action,6.3,949,2.6404,2016-02-18,-2.2492,2.8353,-5.0846,0.6469
Grimsby,SONY,2016-02-24,2016,2,1,35000000,28000000,-20.0,Low (<$50M),Action,5.954,2509,4.0459,2016-02-24,-2.5896,-1.5339,-1.0558,-0.8159
Sausage Party,SONY,2016-07-11,2016,7,3,19000000,140705322,640.5543263157895,Low (<$50M),Adventure,5.753,7719,6.8093,2016-07-11,0.1541,2.7177,-2.5636,1.6532
Miracles from Heaven,SONY,2016-03-17,2016,3,1,16000000,74000000,362.5,Low (<$50M),Family,7.45,1273,3.7901,2016-03-17,6.8913,7.3729,-0.4815,1.6542
The Angry Birds Movie,SONY,2016-05-11,2016,5,2,73000000,349779543,379.1500589041096,Mid ($50M-$150M),Animation,6.271,3999,9.2089,2016-05-11,11.4819,1.705,9.7769,0.1084
The Shallows,SONY,2016-06-24,2016,6,2,17000000,119100758,600.592694117647,Low (<$50M),Horror,6.355,5332,5.5738,2016-06-24,4.4573,2.4495,2.0077,-1.2356
Ghostbusters,SONY,2016-07-14,2016,7,3,144000000,229147509,59.13021458333333,Mid ($50M-$150M),Action,5.347,6778,5.3454,2016-07-14,-3.2387,-4.192,0.9533,1.1323
The Magnificent Seven,SONY,2016-09-14,2016,9,3,90000000,162400000,80.44444444444444,Mid ($50M-$150M),Adventure,6.49,6413,7.5323,2016-09-14,0.8667,-1.3971,2.2638,0.2453
Inferno,SONY,2016-10-13,2016,10,4,75000000,220021259,193.36167866666668,Mid ($50M-$150M),Mystery,6.096,6660,4.7953,2016-10-13,0.2411,0.2216,0.0196,2.053
Passengers,SONY,2016-12-21,2016,12,4,110000000,303144152,175.5855927272727,Mid ($50M-$150M),Drama,7.0,14241,8.6603,2016-12-21,-3.9083,-2.7889,-1.1194,-0.6242
Life,SONY,2017-03-22,2017,3,1,58000000,100541806,73.34794137931034,Mid ($50M-$150M),Horror,6.454,7930,5.2101,2017-03-22,5.7342,1.8609,3.8733,0.5037
Smurfs: The Lost Village,SONY,2017-03-23,2017,3,1,60000000,197183546,228.63924333333333,Mid ($50M-$150M),Family,6.361,1560,4.6366,2017-03-23,6.5426,2.4709,4.0716,-0.5194
Rough Night,SONY,2017-06-15,2017,6,2,20000000,47347283,136.736415,Low (<$50M),Drama,5.688,2101,3.776,2017-06-15,1.5389,-2.2492,3.7881,1.2223
Spider-Man: Homecoming,SONY,2017-07-05,2017,7,3,175000000,880978185,403.41610571428566,High ($150M-$250M),Action,7.3,23195,27.4522,2017-07-05,2.5583,-0.8575,3.4157,-0.8261
The Emoji Movie,SONY,2017-07-23,2017,7,3,50000000,216909830,333.81966,Low (<$50M),Animation,5.39,3321,13.3939,2017-07-24,1.6751,0.9209,0.7542,-0.3837
The Dark Tower,SONY,2017-08-03,2017,8,3,60000000,113231078,88.71846333333333,Mid ($50M-$150M),Fantasy,5.791,5530,5.5273,2017-08-03,-3.1115,-2.4072,-0.7043,1.198
"Roman J. Israel, Esq.",SONY,2017-11-17,2017,11,4,22000000,13025860,-40.79154545454545,Low (<$50M),Drama,6.351,1400,2.636,2017-11-17,3.9437,0.4484,3.4952,0.4144
Flatliners,SONY,2017-09-28,2017,9,3,19000000,45158254,137.6750210526316,Low (<$50M),Drama,5.646,2390,2.9209,2017-09-28,-3.5191,-3.352,-0.1671,0.8169
Blade Runner 2049,SONY,2017-10-04,2017,10,4,150000000,259239658,72.82643866666668,Mid ($50M-$150M),Science Fiction,7.595,15164,24.9252,2017-10-04,-1.5374,1.7681,-3.3055,-0.1779
Jumanji: Welcome to the Jungle,SONY,2017-12-09,2017,12,4,90000000,995339117,847.6065358441559,Mid ($50M-$150M),Adventure,6.82,14504,8.9194,2017-12-11,-1.3492,0.1911,-1.5403,-2.2639
Peter Rabbit,SONY,2018-02-07,2018,2,1,50000000,351266433,602.532866,Low (<$50M),Animation,6.698,1920,4.585,2018-02-07,7.5927,11.9,-4.3073,-0.7801
SuperFly,SONY,2018-06-13,2018,6,2,16000000,20545116,28.406975000000003,Low (<$50M),Action,6.706,406,3.6375,2018-06-13,-0.0824,-0.2585,0.1761,0.3424
Sicario: Day of the Soldado,SONY,2018-06-27,2018,6,2,35000000,75836683,116.67623714285716,Low (<$50M),Action,6.944,4048,8.9191,2018-06-27,2.8097,5.0971,-2.2874,1.4404
Hotel Transylvania 3: Summer Vacation,SONY,2018-06-28,2018,6,2,80000000,528600000,560.75,Mid ($50M-$150M),Animation,6.852,4703,8.8477,2018-06-28,0.4564,3.9725,-3.516,2.1859
The Equalizer 2,SONY,2018-07-19,2018,7,3,62000000,190400157,207.0970274193548,Mid ($50M-$150M),Action,6.8,5988,9.3855,2018-07-19,1.0057,0.6512,0.3545,-0.4338
Alpha,SONY,2018-08-17,2018,8,3,51000000,99630675,95.35426470588236,Mid ($50M-$150M),Adventure,6.546,2756,4.5489,2018-08-17,-2.2576,-2.378,0.1204,1.5808
White Boy Rick,SONY,2018-09-14,2018,9,3,29000000,25957482,-10.491441379310343,Low (<$50M),Crime,6.352,1209,3.042,2018-09-14,-0.5283,1.5558,-2.084,2.881
Venom,SONY,2018-09-28,2018,9,3,116000000,856085151,638.0044405172414,Mid ($50M-$150M),Science Fiction,6.827,17252,11.741,2018-09-28,-1.2448,1.6395,-2.8842,1.8821
Goosebumps 2: Haunted Halloween,SONY,2018-10-11,2018,10,4,35000000,93320380,166.62965714285713,Low (<$50M),Comedy,6.098,1626,3.9399,2018-10-11,1.5576,1.0461,0.5115,1.0234
The Girl in the Spider's Web,SONY,2018-10-25,2018,10,4,43000000,35164920,-18.22111627906977,Low (<$50M),Action,6.154,1516,3.0528,2018-10-25,-1.2357,-3.0182,1.7824,-1.1089
Spider-Man: Into the Spider-Verse,SONY,2018-12-06,2018,12,4,90000000,394884133,338.7601477777778,Mid ($50M-$150M),Animation,8.393,17272,26.8961,2018-12-06,2.963,-0.2454,3.2084,0.8317
Holmes & Watson,SONY,2018-12-25,2018,12,4,42000000,40500000,-3.571428571428571,Low (<$50M),Comedy,4.308,930,2.4044,2018-12-26,-3.1889,-1.6097,-1.5792,-1.1669
Escape Room,SONY,2019-01-03,2019,1,1,9000000,155712077,847.6065358441559,Low (<$50M),Horror,6.545,5058,5.5942,2019-01-03,-3.0913,-0.5656,-2.5257,-1.0137
A Dog's Way Home,SONY,2019-01-10,2019,1,1,18000000,17643857,-1.9785722222222224,Low (<$50M),Drama,7.4,1185,3.3411,2019-01-10,-3.1569,-0.4115,-2.7454,-2.1142
Miss Bala,SONY,2019-01-25,2019,1,1,15000000,15200000,1.3333333333333337,Low (<$50M),Action,6.366,588,1.8908,2019-01-25,-10.2477,-3.482,-6.7657,-0.0426
Once Upon a Time... in Hollywood,SONY,2019-07-24,2019,7,3,95000000,393869691,314.59967473684213,Mid ($50M-$150M),Comedy,7.4,14867,14.5831,2019-07-24,6.0732,0.7335,5.3397,0.7993
Men in Black: International,SONY,2019-06-12,2019,6,2,110000000,253890701,130.80972818181817,Mid ($50M-$150M),Comedy,5.9,5357,6.436,2019-06-12,5.4301,0.6061,4.824,-0.6794
Spider-Man: Far From Home,SONY,2019-06-28,2019,6,2,160000000,1132723226,607.9520162499999,High ($150M-$250M),Action,7.396,16979,23.4968,2019-06-28,0.6485,-1.3196,1.9681,-1.164
The Angry Birds Movie 2,SONY,2019-08-02,2019,8,3,65000000,137792047,111.98776461538462,Mid ($50M-$150M),Animation,7.053,1885,7.8086,2019-08-02,5.7999,4.1359,1.6639,-0.8295
Greed,SONY,2019-09-07,2019,9,3,5500000,1460431,-73.4467090909091,Low (<$50M),Comedy,5.611,167,1.2844,2019-09-09,3.1409,2.468,0.6729,1.327
Zombieland: Double Tap,SONY,2019-10-09,2019,10,4,42000000,122810399,192.4057119047619,Low (<$50M),Horror,6.9,6271,4.8552,2019-10-09,0.012,0.3384,-0.3264,0.2432
Charlie's Angels,SONY,2019-11-14,2019,11,4,48000000,73279888,52.66643333333333,Low (<$50M),Action,6.383,3151,4.6409,2019-11-14,0.4598,2.0031,-1.5432,-0.7901
Jumanji: The Next Level,SONY,2019-12-04,2019,12,4,125000000,801693929,541.3551432,Mid ($50M-$150M),Adventure,6.877,9382,10.6181,2019-12-04,7.1832,5.7566,1.4266,0.4514
Little Women,SONY,2019-12-25,2019,12,4,40000000,332103783,730.2594574999999,Low (<$50M),Drama,7.9,6839,10.0414,2019-12-26,-0.8019,-0.9329,0.131,-0.1291
Bad Boys for Life,SONY,2020-01-15,2020,1,1,90000000,426505244,373.89471555555554,Mid ($50M-$150M),Thriller,7.114,8750,7.8341,2020-01-15,0.6803,1.7829,-1.1026,-1.3875
Fantasy Island,SONY,2020-02-12,2020,2,1,7000000,49447308,606.3901142857143,Low (<$50M),Adventure,5.761,2641,5.4794,2020-02-12,-11.0804,-5.4676,-5.6128,-0.0063
The Craft: Legacy,SONY,2020-10-28,2020,10,4,18000000,2300000,-87.22222222222223,Low (<$50M),Horror,6.106,903,4.0109,2020-10-28,13.4741,4.0305,9.4437,8.8599
Peter Rabbit 2: The Runaway,SONY,2021-03-25,2021,3,1,45000000,153000000,240.0,Low (<$50M),Comedy,7.056,890,4.1442,2021-03-25,0.0888,-1.2318,1.3206,-0.2309
Escape Room: Tournament of Champions,SONY,2021-07-01,2021,7,3,15000000,65774490,338.4966,Low (<$50M),Horror,6.515,2282,3.7316,2021-07-01,3.1446,-0.1289,3.2735,0.5373
Ghostbusters: Afterlife,SONY,2021-11-18,2021,11,4,75000000,204445747,172.59432933333335,Mid ($50M-$150M),Fantasy,7.326,5157,6.9047,2021-11-18,1.0115,1.3906,-0.3792,0.4101
Venom: Let There Be Carnage,SONY,2021-09-30,2021,9,3,110000000,506863592,360.78508363636365,Mid ($50M-$150M),Science Fiction,6.746,11182,8.9914,2021-09-30,-7.5513,-1.6767,-5.8746,0.3837
A Journal for Jordan,SONY,2021-12-22,2021,12,4,25000000,6700000,-73.2,Low (<$50M),Drama,7.0,125,1.4773,2021-12-22,1.3107,-0.3469,1.6576,1.0973
Hotel Transylvania: Transformania,SONY,2022-01-31,2022,1,1,75000000,18500000,-75.33333333333333,Mid ($50M-$150M),Animation,7.035,3023,9.884,2022-01-31,-3.2567,-4.902,1.6453,2.6228
Uncharted,SONY,2022-02-10,2022,2,1,120000000,407141258,239.2843816666667,Mid ($50M-$150M),Action,6.888,6880,13.545,2022-02-10,-2.1524,-0.6136,-1.5389,0.4209
Morbius,SONY,2022-03-30,2022,3,1,75000000,167635712,123.51428266666666,Mid ($50M-$150M),Action,5.906,4824,5.8024,2022-03-30,-5.1186,-2.258,-2.8606,0.0528
Bullet Train,SONY,2022-08-03,2022,8,3,90000000,239268602,165.85400222222222,Mid ($50M-$150M),Action,7.413,7560,12.7764,2022-08-03,-6.9938,-4.2205,-2.7733,0.6052
"Lyle, Lyle, Crocodile",SONY,2022-10-07,2022,10,4,50000000,111080122,122.160244,Low (<$50M),Comedy,6.962,652,3.0788,2022-10-07,0.3207,0.7378,-0.4171,1.3169
A Man Called Otto,SONY,2022-12-28,2022,12,4,50000000,113360085,126.72017,Low (<$50M),Comedy,7.753,3594,7.3941,2022-12-28,0.018,-3.1127,3.1307,0.2886
65,SONY,2023-03-02,2023,3,1,45000000,60730568,34.95681777777778,Low (<$50M),Action,5.939,2850,8.1852,2023-03-02,6.6849,2.378,4.3069,-1.105
Spider-Man: Across the Spider-Verse,SONY,2023-05-31,2023,5,2,100000000,690897910,590.89791,Mid ($50M-$150M),Animation,8.337,8652,34.4194,2023-05-31,-1.5646,-3.2246,1.6599,-0.5078
No Hard Feelings,SONY,2023-06-15,2023,6,2,45000000,83000000,84.44444444444444,Low (<$50M),Comedy,6.7,3846,10.5445,2023-06-15,-8.7232,-0.2095,-8.5137,-1.4181
Gran Turismo,SONY,2023-08-09,2023,8,3,60000000,121700000,102.83333333333331,Mid ($50M-$150M),Adventure,7.709,3409,8.9865,2023-08-09,-8.6878,-2.2729,-6.4148,-5.9428
The Equalizer 3,SONY,2023-08-30,2023,8,3,70000000,191067560,172.95365714285714,Mid ($50M-$150M),Action,7.3,3729,13.09,2023-08-30,2.5895,-1.6135,4.203,-0.698
Anyone But You,SONY,2023-12-21,2023,12,4,25000000,214891370,759.56548,Low (<$50M),Romance,6.772,3078,17.7318,2023-12-21,1.846,-1.6882,3.5342,1.945
Madame Web,SONY,2024-02-14,2024,2,1,80000000,100498764,25.623455,Mid ($50M-$150M),Action,5.3,2582,6.5215,2024-02-14,-11.8377,-1.1282,-10.7095,-5.2455
Ghostbusters: Frozen Empire,SONY,2024-03-20,2024,3,1,100000000,201967521,101.967521,Mid ($50M-$150M),Fantasy,6.465,2167,14.2516,2024-03-20,-2.3981,1.3673,-3.7654,-0.1938
Bad Boys: Ride or Die,SONY,2024-06-05,2024,6,2,100000000,404547819,304.547819,Mid ($50M-$150M),Action,7.324,3338,15.2906,2024-06-05,2.9981,7.8299,-4.8318,-0.4757
Harold and the Purple Crayon,SONY,2024-07-31,2024,7,3,40000000,32227855,-19.4303625,Low (<$50M),Family,6.6,363,3.2923,2024-07-31,-1.2407,-1.376,0.1353,-1.3417
It Ends with Us,SONY,2024-08-07,2024,8,3,55000000,351441044,538.9837163636364,Mid ($50M-$150M),Drama,6.949,1957,9.6377,2024-08-07,0.5264,-2.4564,2.9828,2.5916
Saturday Night,SONY,2024-09-27,2024,9,3,25000000,10055029,-59.779884,Low (<$50M),Comedy,6.674,365,3.0135,2024-09-27,1.5232,5.1509,-3.6277,-2.3988
Venom: The Last Dance,SONY,2024-10-22,2024,10,4,120000000,478937618,299.1146816666667,Mid ($50M-$150M),Science Fiction,6.67,4238,27.8397,2024-10-22,-6.1843,-5.1854,-0.9989,-1.1127
Kraven the Hunter,SONY,2024-12-11,2024,12,4,130000000,62076533,-52.24882076923076,Mid ($50M-$150M),Action,6.44,2344,15.1279,2024-12-11,5.2913,6.4855,-1.1941,1.0208
Woodlawn,SONY,2015-10-15,2015,10,4,12000000,14394097,19.95080833333333,Low (<$50M),Drama,6.862,206,1.5684,2015-10-15,4.4863,-2.7412,7.2275,2.2825
The Lazarus Effect,SONY,2015-01-29,2015,1,1,3300000,64110728,847.6065358441559,Low (<$50M),Horror,5.304,1520,1.9359,2015-01-29,19.3915,8.3951,10.9964,-0.4846
Masterminds,SONY,2016-09-29,2016,9,3,25000000,29200000,16.8,Low (<$50M),Action,5.753,1861,2.1494,2016-09-29,-1.7638,0.3357,-2.0994,-0.0804
Hunter Killer,SONY,2018-10-19,2018,10,4,40000000,31672678,-20.818305,Low (<$50M),Action,6.913,2410,10.1025,2018-10-19,-3.1166,-0.512,-2.6046,-0.6064
The Wedding Ringer,SONY,2015-01-16,2015,1,1,23000000,79799880,246.956,Low (<$50M),Comedy,6.465,1693,3.3098,2015-01-16,8.536,0.4891,8.0469,-2.5847
The Perfect Guy,SONY,2015-09-11,2015,9,3,12000000,60273173,402.2764416666667,Low (<$50M),Drama,5.726,341,2.4979,2015-09-11,-0.5732,1.6782,-2.2514,0.4383
Pride and Prejudice and Zombies,SONY,2016-02-04,2016,2,1,28000000,16457494,-41.223235714285714,Low (<$50M),Romance,6.171,2312,3.1619,2016-02-04,0.7276,4.5778,-3.8502,0.0743
Don't Breathe,SONY,2016-06-08,2016,6,2,9900000,158906350,847.6065358441559,Low (<$50M),Horror,7.013,7977,7.3852,2016-06-08,1.8327,2.9541,-1.1214,0.6728
When the Bough Breaks,SONY,2016-09-09,2016,9,3,10000000,30658387,206.58387,Low (<$50M),Drama,5.828,435,1.4395,2016-09-09,0.3716,2.5168,-2.1452,0.4293
Underworld: Blood Wars,SONY,2016-11-24,2016,11,4,35000000,81093313,131.69518,Low (<$50M),Fantasy,5.918,3937,5.5464,2016-11-25,-5.132,1.1016,-6.2337,-2.2544
Resident Evil: The Final Chapter,SONY,2016-12-23,2016,12,4,40000000,312242626,680.6065649999999,Low (<$50M),Action,6.1,3476,0.2805,2016-12-23,-1.7848,-1.711,-0.0738,0.2628
Proud Mary,SONY,2018-01-12,2018,1,1,14000000,21753365,55.38117857142857,Low (<$50M),Thriller,5.503,532,2.472,2018-01-12,3.4412,4.6838,-1.2425,-1.1722
Slender Man,SONY,2018-05-17,2018,5,2,10000000,51738549,417.38549,Low (<$50M),Horror,4.3,2152,4.3726,2018-05-17,-2.806,0.2091,-3.0151,2.135
The Possession of Hannah Grace,SONY,2018-11-29,2018,11,4,9500000,43000000,352.6315789473684,Low (<$50M),Horror,5.633,1487,3.7973,2018-11-29,3.7009,2.8907,0.8102,-1.7284
The Intruder,SONY,2019-05-03,2019,5,2,8000000,40600000,407.5,Low (<$50M),Thriller,6.068,622,2.9513,2019-05-03,8.2855,10.3832,-2.0977,0.5713
Brightburn,SONY,2019-05-09,2019,5,2,6000000,33224654,453.7442333333333,Low (<$50M),Horror,6.154,3470,6.2176,2019-05-09,3.1625,-3.5694,6.7319,0.3021
Black and Blue,SONY,2019-10-25,2019,10,4,12000000,22741061,89.50884166666667,Low (<$50M),Action,6.791,973,2.578,2019-10-25,0.0885,-2.779,2.8676,-0.612
The Grudge,SONY,2019-12-31,2019,12,4,10000000,49511319,395.11319,Low (<$50M),Horror,5.418,1316,2.7671,2019-12-31,2.7562,-0.2678,3.024,0.1189
The Unholy,SONY,2021-03-31,2021,3,1,10000000,30832137,208.32137,Low (<$50M),Horror,6.552,2254,3.1596,2021-03-31,0.1624,-1.4508,1.6132,1.073
Don't Breathe 2,SONY,2021-08-12,2021,8,3,15000000,53785551,258.57034,Low (<$50M),Thriller,6.995,2833,4.0747,2021-08-12,-5.6747,-1.3707,-4.304,-1.9477
Resident Evil: Welcome to Raccoon City,SONY,2021-11-24,2021,11,4,25000000,41914915,67.65966,Low (<$50M),Action,5.9,2699,8.8107,2021-11-24,-1.356,-2.4257,1.0696,0.1319
The Invitation,SONY,2022-08-24,2022,8,3,10000000,33628000,236.28,Low (<$50M),Horror,5.992,966,3.6206,2022-08-24,0.344,1.7269,-1.3829,-0.125
Missing,SONY,2023-01-19,2023,1,1,7000000,48767848,596.6835428571428,Low (<$50M),Drama,7.392,1282,4.9084,2023-01-19,4.7364,5.2512,-0.5148,2.2521
The Pope's Exorcist,SONY,2023-04-05,2023,4,2,18000000,76987621,327.7090055555556,Low (<$50M),Horror,6.922,3168,6.1186,2023-04-05,1.3759,3.0305,-1.6545,-1.2451
Love Again,SONY,2023-05-04,2023,5,2,9000000,10000000,11.11111111111111,Low (<$50M),Romance,6.736,479,2.4572,2023-05-04,-2.251,-1.7231,-0.5278,0.571
Insidious: The Red Door,SONY,2023-07-05,2023,7,3,16000000,189086877,847.6065358441559,Low (<$50M),Horror,6.514,1967,18.5317,2023-07-05,-2.2585,-1.5699,-0.6886,0.0658
Tarot,SONY,2024-05-01,2024,5,2,8000000,49256239,515.7029875000001,Low (<$50M),Horror,6.367,1404,3.8709,2024-05-01,-6.4614,1.6064,-8.0679,0.7311
